ลำดับ,ชื่อภาษาไทย,ชื่อภาษาอังกฤษ,จัดแสดงผ่านกิจกรรม,วันเปิด,วันปิด,เพื่อความสวยงาม,เพื่อโครงสร้างพื้นฐาน,ร่วมจัดกับ CEA,อุตสาหกรรมสร้างสรรค์,คำอธิบาย
1,01 สีสันเจริญกรุง,01 Colour of Charoenkrung,Colour of Charoenkrung สีสันเจริญกรุง,2020-07-05,2020-09-30,TRUE,FALSE,TRUE,ทัศนศิลป์,ย่านเจริญกรุงและย่านริมน้ำเจ้าพระยามีความสัมพันธ์กันมาอย่างยาวนาน จากสมัยก่อนแม่น้ำเจ้าพระยาเป็นเส้นเลือดที่หล่อเลี้ยงผู้คนสองฝั่ง พร้อมกับการตัด “ถนนเจริญกรุง” เป็นถนนที่สร้างตามแบบตะวันตกเส้นแรกของประเทศไทย ในเวลานี้ย่านเจริญกรุงเริ่มกลับมาฟื้นฟูใหม่อีกครั้ง เพื่อนำสีสันและชีวิตชีวากลับมาสู่ย่านเก่าศิลปินจึงต้องการที่จะถ่ายทอดให้เห็นเรื่องราความสัมพันธ์ของวิถีชีวิตริมน้ำและย่านเจริญกรุงผ่านสายตาของคนรุ่นใหม่
2,โลคัลริซึม,LOCALISM,Colour of Charoenkrung สีสันเจริญกรุง,2020-07-05,2020-09-30,TRUE,FALSE,TRUE,ทัศนศิลป์,เจริญกรุงเป็นย่านพื้นที่เก่าแก่ที่ผสมผสานระหว่างวิถีชีวิตและวัฒนธรรมดั้งเดิม กับศิลปะแบบร่วมสมัยเข้าด้วยกัน ปัจจุบันคนรุ่นใหม่ได้เข้ามามีบทบาทในการปรับเปลี่ยนบริบทของย่านเจริญกรุงให้เป็นพื้นที่สร้างสรรค์ จึงอาจทำให้หลงลืมหรือมองข้ามถึงเสน่ห์ความเป็นท้องถิ่นและวิถีชีวิตที่เรียบง่ายไป ผลงานนี้ต้องการที่จะสื่อถึงโครงสร้างภายในของความเป็น “Localism” ผ่านมิติของการมองอย่างเจาะลึกลงไปข้างในตัวอักษรที่ภายนอกของฟอร์มมีความทันสมัย ขณะที่ภายในตัวอักษรถูกประกอบจากส่วนต่างๆ ของงานสถาปัตยกรรมภายในย่านเจริญกรุง กระตุ้นให้ผู้ชมกลับมาตระหนักถึงความสำคัญเชิงโครงสร้างที่เป็นจุดเริ่มต้นของย่านนี้
3,โมโนโพลี่,MONOPOLY,,2020-07-05,2020-09-30,TRUE,FALSE,TRUE,ทัศนศิลป์,"""อาการประหลาดใจ"" เกิดขึ้นกับเราบ่อยครั้งเมื่อมาที่ย่านแห่งนี้ ด้วยเพราะความหลากหลายทางเชื้อชาติและวัฒนธรรมที่ผสมผสานกัน และเกิดการทับซ้อนกันของยุคสมัย หล่อหลอมจนเป็น ""เจริญกรุง"" ย่านที่มอบอาการลุ้นให้คุณตลอดเวลา ทั้งลุ้นไปกับศิลปวัฒนธรรม ลุ้นไปกับงานสถาปัตยกรรมอันหลากหลาย ลุ้นไปกับอาหารที่มากมาย จบด้วยลุ้นไปกับสิ่งใหม่ที่ไม่เคยเจอ"
4,เวฟวิ่งคัลเจอร์,Weaving Culture,Colour of Charoenkrung สีสันเจริญกรุง,2020-07-05,2020-09-30,TRUE,FALSE,TRUE,ทัศนศิลป์,
5,วีอาร์ ฮิวแม่น,We’re Human,Colour of Charoenkrung สีสันเจริญกรุง,2020-07-05,2020-09-30,TRUE,FALSE,TRUE,ทัศนศิลป์,
6,แสกน รี้ด แอน วอค,"Scan, read & walk",Colour of Charoenkrung สีสันเจริญกรุง,2020-07-05,,TRUE,FALSE,TRUE,ทัศนศิลป์,"ศิลปินต้องการเชื่อมโยงพื้นที่ระหว่างงานและคน คนในพื้นที่และคนนอกพื้นที่กับสถานที่จริง เพื่อให้เกิดปฏิสัมพันธ์และความเข้าใจในบริบทต่างๆ ของย่านเจริญกรุงผ่านผลงาน Scan, read & walk ด้วย QR Code ที่เป็นสื่อกลางในการเชื่อมข้อมูลจาก url และ Google map ตามสถานที่ต่างๆ ของย่านเจริญกรุง และ QR Code จะถูกเรียงเป็นสัญลักษณ์ลูกศรชี้ออกไปทางหน้าต่างหรือประตู เพื่อบอกให้ผู้ชมแสกน QR Code และออกไปมีส่วนร่วม สร้างปฏิสัมพันธ์กับพื้นที่และคนจริงๆ"
7,02 สีสันเจริญกรุง,02 Colour of Charoenkrung,Colour of Charoenkrung สีสันเจริญกรุง,2020-07-05,,TRUE,FALSE,TRUE,ทัศนศิลป์,
8,พวกเราเหมือนกันดั่งพี่น้อง,We are all the same like brotherhood.,Colour of Charoenkrung สีสันเจริญกรุง,2020-07-05,,TRUE,FALSE,TRUE,ทัศนศิลป์,
9,รี - เจริญกรุง,RE - CHAROENKRUNG,Colour of Charoenkrung สีสันเจริญกรุง,2020-07-05,,TRUE,FALSE,TRUE,ทัศนศิลป์,RE (อีกครั้ง) แสดงถึงความไม่มีจุดสิ้นสุด ความร่วมสมัยถูกสร้างสรรค์ในย่านเจริญกรุงอยู่ตลอดเวลา บางสิ่งถูกดัดแปลง ปรับเปลี่ยน ลดทอน หรือเติมแต่งให้กลายเป็นสิ่งใหม่ แต่ยังคงกลิ่นอายความดั้งเดิมของเจริญกรุงไว้อย่างลงตัว ผลงานชิ้นนี้จึงถูกสร้างสรรค์ขึ้นจากแนวคิดดังกล่าว ทั้งเทคนิคการใช้สีที่หลากหลายมาผสมผสานกัน การนำรูปทรงต่างๆ มาลดทอนหรือดัดแปลงใหม่โดยยังคงเค้าโครงเดิมไว้ หรือการจัดวางส่วนประกอบต่างๆ แบบซ้ำๆ แสดงถึงการทำ “อีกครั้ง” เพื่อสื่อถึงการนำเอกลักษณ์ของย่านเจริญกรุงที่น่าหลงใหลให้กลับคืนมาได้อีกครั้งอย่างไม่มีจุดสิ้นสุด
10,03 สีสันเจริญกรุง,03 Colour of Charoenkrung,Colour of Charoenkrung สีสันเจริญกรุง,2020-07-05,,TRUE,FALSE,TRUE,ทัศนศิลป์,ด้วยสถาปัตยกรรมเก่าที่โดดเด่นในย่านเจริญกรุง ศิลปินเลือกที่จะลดทอนเป็นลายเส้นเรขาคณิตแบบเรียบง่าย ผสมผสานกับตัวละครอิโมจิของวิถีชิวิตชาวบ้านและนักท่องเที่ยวเพื่อให้เกิดความร่วมสมัย
11,ดิฟเฟอร์เรน เชด ออฟ เจริญกรุง,Different shade of Charoenkrung,Colour of Charoenkrung สีสันเจริญกรุง,2020-07-05,2020-09-30,TRUE,FALSE,TRUE,ทัศนศิลป์,เจริญกรุง ถนนสมัยใหม่ตามแบบตะวันตกเส้นแรกของประเทศไทย กาลเวลาที่ยาวนานได้ก่อกำเนิดงานสถาปัตยกรรมที่เปลี่ยนผ่านไปตามยุคสมัย และความทรงจำต่างๆ มากมายถูกบันทึกไว้ในภาพถ่ายขาวดำ จนมาเป็นภาพที่มีสีสันตามความเจริญรุ่งเรืองบนถนนสายนี้ที่ไม่มีวันหยุดนิ่ง
12,อันไตเติ้ล แดนซ์เซอร์,Untitled Dancer,Colour of Charoenkrung สีสันเจริญกรุง,2020-07-05,2020-09-30,TRUE,FALSE,TRUE,ทัศนศิลป์,ด้วยความหลงใหลในแสงสีและเสียงดนตรีของย่านเจริญกรุงยามค่ำคืน ย่านเก่าแก่ในอดีตที่ถูกแต่งเติมไปด้วยสีสันจากบาร์ วงดนตรี และงานเลี้ยงเต้นรำ ซึ่งครั้งหนึ่งภาพยนตร์เรื่อง In the Mood for Love (2000) ของ Wong Kar Wai ได้ใช้ย่านเจริญกรุง บางรักในการถ่ายทำ ศิลปินจึงต้องการที่จะนำบรรยากาศความบันเทิงในวันวานมาผสมผสานกับกลิ่นอายของภาพยนตร์ดังกล่าว โดยนำเสนอผ่านภาพคู่ชายหญิงที่กำลังเต้นรำ และดอกไม้ที่ให้ความรู้สึกถึงความรัก ความโรแมนติค และความมีชีวิตชีวา เหมือนดั่งคาแลกเตอร์ของย่านเจริญกรุงที่เคยเป็นและยังคงสัมผัสได้จนถึงตอนนี้
13,3:17 พีเอ็ม ซันเรย์,3:17 PM SUNRAY,Colour of Charoenkrung สีสันเจริญกรุง,2020-07-05,2020-09-30,TRUE,FALSE,TRUE,ทัศนศิลป์,แสงแดดของย่านเจริญกรุงตอน 3:17 PM นั้นสวยที่สุด พาให้ย้อนกลับไปคิดถึงบ้าน คิดถึงเพื่อน หรือคิดถึงช่วงเวลาที่มีความสุข เจริญกรุงเชื่อมโยงความรู้สึกในวันวานกลับมาในช่วงเวลาปัจจุบัน เป็นความประทับใจที่ศิลปินมีต่อย่านนี้ ด้วยเพราะความหลากหลายทางวัฒนธรรมและแหล่งรวมความอร่อย จึงถ่ายทอดออกมาผ่านผลงานชิ้นนี้ด้วยโทนสีของแสงแดด ณ เวลานั้นและความรู้สึกโหยหาช่วงเวลาในอดีต
14,ฮีสตอรี่ ออฟ อีโมชั่น,History of Emotions,Colour of Charoenkrung สีสันเจริญกรุง,2020-07-05,2020-09-30,TRUE,FALSE,TRUE,ทัศนศิลป์,ถนนเจริญกรุงเป็นจุดเริ่มต้นและจุดเปลี่ยนสู่ความเจริญแบบสากลที่เชื่อมโยงผู้คนจากหลายเชื้อชาติและศาสนาเข้าด้วยกัน สีสันแห่งเจริญกรุงจึงเปรียบเสมือนหน้าประวัติศาสตร์ที่สะท้อนภาพของความสัมพันธ์ของผู้คนที่มีมาอย่างยาวนาน History of Emotions (Histoire des Sensibilité) ทฤษฎีที่นำเสนอการสำรวจข้อมูลด้านความหลากหลายทางชาติพันธุ์และวัฒนธรรมที่ศิลปินนำมาประยุกต์ใช้กับผลงานนี้ นำเสนอเป็นภาพตัวแทนนามเชิงนามธรรม (Abstract Representation) ผ่านรูปแบบแบบของแผนที่ย่านเจริญกรุง-เจริญนครที่ถูกลดทอนรายละเอียดเชิงข้อมูล พาผู้ชมไปสำรวจความเป็นไปของวิถีชีวิตผู้คนสองฝั่งแม่น้ำเจ้าพระยาที่เชื่อมต่อกัน
15,เจริญกรุง มิกซ์ คัลเจอร์ ปาร์ตี้,Charoenkrung Mixed Culture Party,Colour of Charoenkrung สีสันเจริญกรุง,2020-07-05,2020-09-30,TRUE,FALSE,TRUE,ทัศนศิลป์,เจริญกรุงเป็นถนนสมัยใหม่สายแรกของประเทศไทย มีประวัติศาสตร์ยาวนาน และเป็นย่านที่รวมผู้คนจากหลากหลายวัฒนธรรม ในมุมมองของศิลปินเจริญกรุงคือพื้นที่ที่คนมาร่วมกันสร้างสรรค์สิ่งใหม่และสร้างปฏิสัมพันธ์ต่อกัน โดยตีความย่านเจริญกรุงให้เป็นเหมือนงานปาร์ตี้ ที่ผู้คนในย่านมาร่วมรังสรรค์พื้นที่แห่งนี้ให้ออกมาสนุกสนานร่วมกัน ผ่านการออกแบบรูปทรงกราฟิกที่หลากหลาย แทนวัฒนธรรมที่แตกต่างของ ผู้คนในย่าน
16,04 สีสันเจริญกรุง,04 Colour of Charoenkrung,Colour of Charoenkrung สีสันเจริญกรุง,2020-07-05,2020-09-30,TRUE,FALSE,TRUE,ทัศนศิลป์,จากโบสถ์สไตล์โกธิครีไวเวิลของวัดกาลหว่าร์ที่งดงามด้วยการประดับกระจกสีตามสไตล์โกธิค อาสนวิหารอัสสัมชัญที่นับเป็นอาสนวิหารแห่งแรกของไทย มัสยิดฮารูณ ศุลกสถานหรือโรงภาษีร้อยชักสาม ธนาคารไทยพาณิชย์ บุคคลัภย์ที่นับเป็นธนาคารแห่งแรกของประเทศไทย แวร์เฮ้าส์ 30 ไปจนถึงโกดังบ้านเลขที่ 1 เปรียบเหมือนสีสันที่ผสมปนเปจากความหลากหลายทางวัฒนธรรม มาสอดประสานกันจนเกิดสีใหม่ ศิลปินต้องการนำเสนอสีสันของย่านเจริญกรุงจากองค์ประกอบทางสถาปัตกรรม ซึ่งเป็นอัตลักษณ์และมรดกทางวัฒนธรรมที่พบเจอในย่านนี้ เชื้อเชิญให้ทุกคนเข้าไปเก็บเกี่ยวสร้างแรงบันดาลใจได้ไม่รู้จบ
17,มิลเลอร์ ออฟ เอจน์,Mirror Of Aged,Colour of Charoenkrung สีสันเจริญกรุง,2020-07-05,2020-09-30,TRUE,FALSE,TRUE,ทัศนศิลป์,โครงสร้างกระจกแตกสื่อถึงความเก่าแก่ของย่านเจริญกรุง ทั้งลวดลายและสีสันแสดงออกถึงความหลากหลายของเชื้อชาติและวัฒนธรรมของย่านเจริญกรุงในอดีตที่หลอมรวมกันระหว่าง ไทย จีน แขก และฝรั่ง มองเข้าไปในกระจกจะเห็นเงาสะท้อนของตัวอักษร Bangkok Hotter Than Tokyo หยอกล้อกับชื่อร้าน Tokyo Hot ที่ศิลปินมีความคิดว่า กรุงเทพนั้นร้อนกว่าโตเกียวเสียอีก เป็นการสื่อสารความคิดและอารมณ์ขบขันของคนใน พ.ศ. นี้ Mirror Of Aged จึงเปรียบดั่งกระจกบานเก่าที่สะท้อนความเป็นไปของปัจจุบันได้อย่างแยบยล
18,เบิร์ด อาย วิว,Bird's Eye View,Colour of Charoenkrung สีสันเจริญกรุง,2020-07-05,2020-09-30,TRUE,FALSE,TRUE,ทัศนศิลป์,ด้วยความเป็นจริงในปัจจุบันที่ว่าย่านเจริญกรุงมีจำนวนประชากรอยู่อาศัยในย่านเพิ่มมากขึ้น และเกิดการขยายตัวทางเศรษฐกิจ ซึ่งตามมาด้วยการบริโภคทรัพยากรเป็นจำนวนมาก ศิลปินจึงต้องการนำเสนอภาพมุมสูงของแผนที่บริเวณย่านเจริญกรุงที่สร้างสรรค์จากวัสดุเหลือใช้ เพื่อสะท้อนให้เห็นถึงสถานการณ์ในปัจจุบันที่เกิดการบริโภคทรัพยากรหลากหลายรูปแบบ และสร้างความตระหนักรู้ให้กับผู้ชมในเรื่องการใช้ทรัพยากรอย่างพอประมาณและใช้ให้เกิดประโยนชน์สูงสุด หลังจากสิ้นสุดผลงานชิ้นนี้จะถูกนำกลับไปสร้างสรรค์เป็นผลงานชิ้นใหม่ตามหลักการของ Circular Economy หมุนเวียนการใช้วัสดุและลดการสร้างผลกระทบต่อสิ่งแวดล้อม
19,โนสกิลดรอวอิ้ง,#NOSKILLDRAWING,Colour of Charoenkrung สีสันเจริญกรุง,2020-07-05,2020-09-30,TRUE,FALSE,TRUE,ทัศนศิลป์,ย่านเจริญกรุงรายล้อมไปด้วยสิ่งต่างๆ ที่อยู่ร่วมกันระหว่างความดั้งเดิมและความร่วมสมัย เป็นเหมือนระบบนิเวศที่ต่างพึ่งพาอาศัยกัน ทั้งผู้คนที่อยู่ในย่าน ธรรมชาติแวดล้อม อาคารบ้านเรือน ความงดงามจากสถาปัตยกรรมเก่าแก่ และร้านค้ามากมายที่มาช่วยสร้างบรรยากาศและสีสันให้แก่ย่านเจริญกรุงมีชีวิตอีกครั้ง
20,รีเฟรคชั่น,REFLECTION,Colour of Charoenkrung สีสันเจริญกรุง,2020-07-05,2020-09-30,TRUE,FALSE,TRUE,ทัศนศิลป์,รูปแบบหน้าต่างสะท้อนให้เห็นถึงความหลากหลายทางสถาปัตยกรรมของย่านเจริญกรุง ทั้งโบสถ์คริสต์ อาคารโรงภาษีร้อยชักสาม บ้านโซ่วเฮงไถ่ หรือมัสยิด โดยเล่าเรื่องราวที่ทับซ้อนผ่านคาแลกเตอร์ Miss Hidy ซึ่งศิลปินเลือกใช้ฟอยล์บรรจุอาหารสำเร็จรูปจากการเก็บสะสมในขณะกักตัวอยู่บ้านช่วง Covid-19 มาใช้ตกแต่งสร้างสีสัน เพราะด้วยคุณสมบัติการสะท้อนของฟอยล์ที่สามารถเชื่อมโยงผู้คนสู่งาน REFLECTION ตรงหน้า ประหนึ่งว่าคุณนั่นละที่เป็น “สีสันของเจริญกรุง” และใต้ภาพสีจากซองฟอยล์เบื้องหน้าจะมีประตู pop-up สามบานแอบซ่อนอยู่ เปิดออกมาเป็นมิติที่สาม โดยศิลปินได้แรงบันดาลใจจากที่พักของคนไร้บ้าน
21,เดอะ เพอร์เฟค อินเกรเดียน,The Perfect Ingredient,Colour of Charoenkrung สีสันเจริญกรุง,2020-07-05,2020-09-30,TRUE,FALSE,TRUE,ทัศนศิลป์,ผลงานคอลลาจที่นำแนวคิดสีสันของย่านเจริญกรุงมาเป็นโจทย์หลัก ศิลปินจึงเลือกนำสิ่งของที่เป็นสัญลักษณ์แทนลักษณะของผู้คนหลากหลายเชื้อชาติที่มาอยู่ร่วมกันในย่านนี้ อาทิ รถยนต์คือผู้คนฝั่งยุโรป ลูกคิดคือคนจีน แพะคือชาวมุสลิมที่มาอาชีพค้าขายแพะในสมัยก่อน มาประกอบกับสีสันของผลไม้ดอกไม้ที่มีในไทย และรูปวาดในยุค Renaissance ที่ต้องการสื่อให้เห็นถึงความเจริญที่เป็นต้นแบบของการสร้างถนนเจริญกรุง
22,ของเล่นวัยเด็ก,Toy,Colour of Charoenkrung สีสันเจริญกรุง,2020-07-05,2020-09-30,TRUE,FALSE,TRUE,ทัศนศิลป์,“ย่านเจริญกรุง” ย่านที่มีชีวิตชีวาบนความหลากหลายของการอยู่ร่วมกันระหว่างคนหลายยุค ทั้งคนเก่าแก่และคนรุ่นใหม่ที่เปี่ยมล้นไปด้วยพลังความคิดสร้างสรรค์ ผู้เข้ามาแต่งแต้มสีสันให้ย่านนี้กลับมามีชีวิตอีกครั้ง ศิลปินจึงสร้างสรรค์ผลงานจากเอกลักษณ์ของคนทั้งสองยุคที่มาหลอมรวมกัน นำเสนอผ่านมุมมองของคนรุ่นใหม่ด้วยการใช้สีสันสดใส ดึงดูดสายตา มาประกอบกับเรื่องราวของคนเก่าแก่ผ่านวัตถุ อาทิ ของเล่นโบราณ ผลงานชิ้นนี้ไม่ได้เป็นเพียงภาพสิ่งของโบราณที่มีสีสันสวยงาม แต่เป็นเสมือนเครื่องย้อนเวลา พาทุกคนย้อนกลับไปเปิดกล่องความทรงจำในอดีต นำภาพวันวานและความสุขที่หล่นหายไปให้กลับมาสดใสในปัจจุบัน
23,เก๊ะโก๊ะ,Gekko,Colour of Charoenkrung สีสันเจริญกรุง,2020-07-05,2020-09-30,TRUE,FALSE,TRUE,ทัศนศิลป์,เจริญกรุงเป็นย่านเก่าแก่ที่เชื่อมโยงกับความทรงจำของชีวิตในวัยเด็กของใครหลายๆ คน ที่ชอบเดินเล่นไปตามตรอก ซอก ซอย และมักจะต้องเผชิญกับด่านของเหล่าสัตว์อย่างสุนัขและแมว ถือเป็นช่วงเวลาอันเปี่ยมล้นไปด้วยจินตนาการและความสดใสที่ไม่ควรจำกัดอยู่แค่วัยเด็ก ศิลปินจึงเลือกที่จะนำเสนอผ่านภาพของสัตว์ประหลาดจากสัตว์ในพื้นที่ โดยเป็นสัญลักษณ์แห่งจินตนาการในวัยเด็กที่จะมาแต่งเติมสีสันให้กับย่านเจริญกรุงอีกครั้ง
24,ความเบ่งบานแห่งวัฒนธรรม,The blossoming of culture,Colour of Charoenkrung สีสันเจริญกรุง,2020-07-05,2020-09-30,TRUE,FALSE,TRUE,ทัศนศิลป์,ศิลปินระลึกถึงวัฏจักรของความงามผ่านการสร้างสรรค์ภาพจิตรกรรมดอกไม้ซึ่งมอบประสบการณ์อันสดชื่นแจ่มใสให้กับผู้ชม ทว่าในขณะเดียวกันนั้น ก็คอยย้ำเตือนให้เรารู้ว่าธรรมชาติเป็นสิ่งที่ไม่แน่นอน เพราะดอกไม้เก่าเมื่อถึงเวลาย่อยสลายกลายเป็นปุ๋ยเพื่อหล่อเลี้ยงบ่มเพาะดอกรุ่นใหม่ เช่นเดียวกันกับวิถีชีวิตในย่านเมืองกรุง ผู้คนมากมาย จากต่างที่มา ต่างวัฒนธรรม ต่างความเชื่อ ล้วนอยู่ร่วมกันบนพื้นฐานของความเคารพ และความทันสมัยที่คละคลุ้งไปกับกลิ่นอายวิถีชีวิตของยุคเก่า เป็นการอยู่ร่วมกันของอดีต ปัจจุบัน และอนาคต ลักษณะเช่นนี้เองเป็นเอกลักษณ์ที่ทำให้เกิดการส่งต่อชีวิตถึงชีวิตและลมหายใจจากรุ่นสู่รุ่นให้กับถนนเจริญกรุง
25,จอลลี่ วาไรตี้,jolly variety,Colour of Charoenkrung สีสันเจริญกรุง,2020-07-05,2020-09-30,TRUE,FALSE,TRUE,ทัศนศิลป์,ผลงานชิ้นนี้แสดงให้เห็นถึงแง่มุมในการอยู่ร่วมกันของกลุ่มคนที่มีความหลากหลายในย่านเจริญกรุง โดยเลือกใช้ภาพที่มีสีสันสดใส และดอกไม้หลากหลายชนิด เพื่อสื่อถึงความเป็นมิตรและการอาศัยอยู่ร่วมกันได้อย่างกลมกลืน
26,ตอนนั้นถึงตอนนี้,Then until now,Colour of Charoenkrung สีสันเจริญกรุง,2020-07-05,2020-09-30,TRUE,FALSE,TRUE,ทัศนศิลป์,ผลงานชิ้นนี้แสดงให้เห็นลักษณะเด่นของศิลปะการตกแต่งภายในของโบสถ์กาลหว่าร์ด้วยการตัดทอนรูปทรง สี องค์ประกอบต่างๆ อาทิ หน้าต่าง กระจก ลวดลาย และนำสัญลักษณ์ของโบสถ์อย่างดอกกุหลาบมาใช้สร้างสรรค์ผลงาน โดยเลือกใช้สีสันสดใสเพื่อดึงดูดสายตา ทั้งสีเหลือง สีโอลด์โรส สีแดง ตัดกับสีเข้มๆ อย่างสีน้ำเงินและสีเขียว ประกอบกับลายเส้นรูปคลื่นแสดงถึงตำแหน่งของโบสถ์ที่ตั้งอยู่ใกล้กับแม่น้ำ ศิลปินต้องการเชิญชวนให้ผู้ชมได้เข้ามาเห็นและสัมผัสบรรยากาศภายในโบสถ์เก่าแก่อายุ 128 ปีแห่งย่านตลาน้อยด้วยตัวเอง เพื่อสร้างพลังบวกและสร้างชีวิตชีวาให้แก่สถานที่แห่งนี้อีกครั้ง
27,โรซารี่,ROSARY,Colour of Charoenkrung สีสันเจริญกรุง,2020-07-05,2020-09-30,TRUE,FALSE,TRUE,ทัศนศิลป์,Rosary ในภาษาไทยมีความหมายว่า “ดอกกุหลาบ” หรือ “ลูกประคํา” อันเป็นสัญลักษณ์ที่สื่อถึงวัดแม่พระลูกประคํา (โบสถ์กาลหว่าร์) สถานที่ที่เป็นศูนย์รวมจิตใจของเหล่าคริสตชนชาวไทยเชื้อสายจีนในพื้นที่ชุมชนตลาดน้อย ดอกกุหลาบจึงเปรียบเสมือนตัวแทนของศาสนาคริสต์และสถานที่แห่งนี้ได้รับการดูแลรักษาให้เติบโตและมีชีวิตชีวาดั่งดอกไม้ที่ได้รับการรดน้ำเอาใจใส่ดูแลด้วยความรักของชาวไทยเชื้อสายจีนในพื้นที่ชุมชนตลาดน้อย
28,เทพเจ้าไฉ่ซิงเอี๊ย,Cai Shen,Colour of Charoenkrung สีสันเจริญกรุง,2020-07-05,2020-09-30,TRUE,FALSE,TRUE,ทัศนศิลป์,เทพเจ้าไฉ่ซิงเอี๊ย ถือเป็นสัญลักษณ์แห่งโชคลาภและความร่ำรวยที่ชาวจีนย่านตลาดน้อยนับถือมาตั้งแต่ครั้งสมัยรัชการที่ 5 โดยประดิษฐานอยู่ที่ศาลเจ้าพ่อฮ้อนหว่องกุง (ศาลเจ้าโรงเกือก) มาจนถึงปัจจุบัน
29,เจริญกรุง,Charoen Krung,Colour of Charoenkrung สีสันเจริญกรุง,2020-07-05,2020-09-30,TRUE,FALSE,TRUE,ทัศนศิลป์,เจริญกรุง ย่านเก่าแก่ที่รุ่มรวยไปด้วยคุณค่าของวัฒนธรรมไทยและจีนที่ผสมผสานความเป็นตะวันตก สะท้อนผ่านงานสถาปัตยกรรมที่มีเสน่ห์เฉพาะตัว ด้วยลายละเอียดต่างๆ ทั้งลายไม้ฉลุ ลวดลายปูนปั้น การดัดเหล็ก หรือแม้แต่ตัวอักษรบนป้ายชื่อร้านค้า สิ่งเหล่านี้หล่อหลอมความทรงจำและความรู้สึกแก่ศิลปินผู้เติบโตและอยู่อาศัยที่นี่ เมื่อมองเห็นสภาพแวดล้อมต่างๆ กำลังเปลี่ยนไปตามกาลเวลา ศิลปินจึงเลือกที่จะเก็บบันทึกเรื่องราวของย่านนี้ไว้โดยการลงพื้นที่เก็บข้อมูลบนเส้นถนนเจริญกรุง และนำองค์ประกอบของงานสถาปัตยกรรมและตัวอักษรไทยมาผสมผสานผ่านงานออกแบบกราฟฟิกและลวดลาย
30,กูส จ็อบ,Gooses Job,Colour of Charoenkrung สีสันเจริญกรุง,2020-07-05,2020-09-30,TRUE,FALSE,TRUE,ทัศนศิลป์,ย่านเจริญกรุงเป็นย่านที่มีความหลากหลายทางศิลปะและวัฒนธรรมที่หลอมรวมกลุ่มคนสองเชื้อชาติทั้งไทยและจีนไว้ด้วยกัน ก่อกำเนิดเป็นชุมชนและร้านค้าของลูกหลานชาวจีนเกิดมากมาย ศิลปินจึงหยิบยกศิลปะการวาดลายเส้นของจีนมาเป็นแรงบันดาลใจผสมผสานกับความร่วมสมัย ผลงานชิ้นนี้จึงสื่อถึงเรื่องราววัฒนธรรมในครอบครัวคนไทยเชื้อสายจีน ทั้งเรื่องการเลี้ยงดูของคนในครอบครัวและวิถีชีวิตความเป็นอยู่ สะท้อนภาพความสัมพันธ์ของคนไทยเชื้อสายจีนในย่านเจริญกรุงที่มีมาอย่างยาวนาน
31,ออร์ ยู นีด อีส เลิฟ,All you need is love,เทศกาลงานออกแบบกรุงเทพฯ 2562,2019-01-26,2019-02-03,TRUE,FALSE,TRUE,ทัศนศิลป์,
32,02 เชด ออฟ เจริญกรุง,02 Shades of Charoenkrung,เทศกาลงานออกแบบกรุงเทพฯ 2562,2019-01-26,2020-10-31,TRUE,TRUE,TRUE,"สถาปัตยกรรม,การออกแบบ,งานฝีมือและหัตถกรรม",
33,01 เชด ออฟ เจริญกรุง,01 Shades of Charoenkrung,เทศกาลงานออกแบบกรุงเทพฯ 2562,2019-01-26,2019-11-30,TRUE,TRUE,TRUE,"สถาปัตยกรรม,การออกแบบ",
34,03 เชด ออฟ เจริญกรุง,03 Shades of Charoenkrung,เทศกาลงานออกแบบกรุงเทพฯ 2562,2019-01-26,2019-11-30,TRUE,TRUE,TRUE,"การออกแบบ,สถาปัตยกรรม,งานฝีมือและหัตถกรรม",
35,มังกรตลาดน้อย,Talad Noi’s Dragon,เทศกาลงานออกแบบกรุงเทพฯ 2562,2019-01-26,2020-10-31,TRUE,FALSE,TRUE,"การออกแบบ,งานฝีมือและหัตถกรรม",
36,บัส เชลเตอร์,Bus Shelter,เทศกาลงานออกแบบกรุงเทพฯ 2562,2019-01-26,2019-11-30,FALSE,TRUE,TRUE,การออกแบบ,
37,01 พอตเทรต ออฟ เจริญกรุง,01 Portrait of Charoenkrung,เทศกาลงานออกแบบกรุงเทพฯ 2563,2020-02-01,2020-03-31,TRUE,FALSE,TRUE,"การออกแบบ,ภาพยนตร์และวีดิทัศน์",
38,02 พอตเทรต ออฟ เจริญกรุง,02 Portrait of Charoenkrung,เทศกาลงานออกแบบกรุงเทพฯ 2563,2020-02-01,2020-10-31,TRUE,FALSE,TRUE,"ภาพยนตร์และวีดิทัศน์,การออกแบบ",
39,03 พอตเทรต ออฟ เจริญกรุง,03 Portrait of Charoenkrung,เทศกาลงานออกแบบกรุงเทพฯ 2563,2020-02-01,2020-10-31,TRUE,FALSE,TRUE,"ภาพยนตร์และวีดิทัศน์,การออกแบบ",
40,ไทย ไทล์: เมมโมรี่ ออฟ ไทย ไทล์,Thai Tiles : memories of Thai Textiles,เทศกาลงานออกแบบกรุงเทพฯ 2563,2020-02-01,2020-10-31,TRUE,FALSE,TRUE,"งานฝีมือและหัตถกรรม,ทัศนศิลป์",
41,เสาไฟฟ้าของอากงอาม่า,Grandpa and grandma’s Electro post,เทศกาลงานออกแบบกรุงเทพฯ 2562,2019-01-26,2020-10-31,TRUE,FALSE,TRUE,"การออกแบบ,งานฝีมือและหัตถกรรม",
42,01 เฟอร์นิเจอร์ข้างถนน,01 Street Furniture,เทศกาลงานออกแบบกรุงเทพฯ 2562,2019-01-26,2019-11-30,TRUE,FALSE,TRUE,การออกแบบ,
43,03 เฟอร์นิเจอร์ข้างถนน,03 Street Furniture,เทศกาลงานออกแบบกรุงเทพฯ 2562,2019-01-26,2020-10-31,TRUE,FALSE,TRUE,การออกแบบ,
44,02 เฟอร์นิเจอร์ข้างถนน,02 Street Furniture,เทศกาลงานออกแบบกรุงเทพฯ 2562,2019-01-26,2020-10-31,TRUE,FALSE,TRUE,การออกแบบ,
45,ฮาลาลดีไซน์ สไตล์ฮารูณ,Charoenkrung Shop Makeover,เทศกาลงานออกแบบกรุงเทพฯ 2562,2019-01-26,2020-10-31,TRUE,FALSE,TRUE,การออกแบบ,
46,เอ็ดดูเคชั่น ฟอร์ ออล,Education for all,Art for The Future,2018-10-01,2020-04-30,TRUE,FALSE,FALSE,ทัศนศิลป์,
47,#วาระนมแม่แห่งโลก,mom,Art for The Future,2018-10-01,2020-10-31,TRUE,FALSE,FALSE,ทัศนศิลป์,
48,เด็กร้องไห้,Crying kids,Art for The Future,2018-10-01,2020-10-31,TRUE,FALSE,FALSE,ทัศนศิลป์,
49,บุ๊ค,Book,Art for The Future,2018-10-01,2020-10-31,TRUE,FALSE,FALSE,ทัศนศิลป์,
50,กาลครั้งหนึ่งวันเด็ก,,Art for The Future,2018-10-01,2020-10-31,TRUE,FALSE,FALSE,ทัศนศิลป์,
51,มหาลัยชีวิต,University's life,Art for The Future,2018-10-01,2020-10-31,TRUE,FALSE,FALSE,ทัศนศิลป์,
52,01 สตรีท - เออร์เบิน คัลเฌอร์ ไฮไลต์,01 STREET- Urban Culture Highlight,STREET - Urban Culture Highlight,2018-11-01,2020-10-31,TRUE,FALSE,FALSE,ทัศนศิลป์,
53,02 สตรีท - เออร์เบิน คัลเฌอร์ ไฮไลต์,02 STREET- Urban Culture Highlight,STREET - Urban Culture Highlight,2018-11-01,2020-10-31,TRUE,FALSE,FALSE,ทัศนศิลป์,
54,03 สตรีท - เออร์เบิน คัลเฌอร์ ไฮไลต์,03 STREET- Urban Culture Highlight,STREET - Urban Culture Highlight,2018-11-01,2020-10-31,TRUE,FALSE,FALSE,ทัศนศิลป์,
55,01 บุกรุก,01 BUKRUK Urban Arts Festival,,2016-02-01,2020-10-31,TRUE,FALSE,FALSE,ทัศนศิลป์,
56,02 บุกรุก,02 BUKRUK Urban Arts Festival,Bukruk Urban Arts Festival,2016-02-01,2020-10-31,TRUE,FALSE,FALSE,ทัศนศิลป์,
57,04 บุกรุก,04 BUKRUK Urban Arts Festival,Bukruk Urban Arts Festival,2016-02-01,2020-10-31,TRUE,FALSE,FALSE,ทัศนศิลป์,
58,03 บุกรุก,03 BUKRUK Urban Arts Festival,Bukruk Urban Arts Festival,2016-02-01,2020-10-31,TRUE,FALSE,FALSE,ทัศนศิลป์,
59,05 บุกรุก,05 BUKRUK Urban Arts Festival,Bukruk Urban Arts Festival,2016-02-01,2020-10-31,TRUE,FALSE,FALSE,ทัศนศิลป์,
60,06 บุกรุก,06 BUKRUK Urban Arts Festival,Bukruk Urban Arts Festival,2016-02-01,2020-10-31,TRUE,FALSE,FALSE,ทัศนศิลป์,